-- Limpeza opcional para ambiente de demonstração
DELETE FROM main.customer_360.tb_seguro_produtos;
DELETE FROM main.customer_360.tb_canais_digitais;
DELETE FROM main.customer_360.tb_emprestimos;
DELETE FROM main.customer_360.tb_credito_perfil;
DELETE FROM main.customer_360.tb_elegibilidade_ofertas;
DELETE FROM main.customer_360.tb_investimentos;
DELETE FROM main.customer_360.tb_gastos_cartao;
DELETE FROM main.customer_360.tb_cartoes;
DELETE FROM main.customer_360.tb_saldos_conta;
DELETE FROM main.customer_360.tb_contas;
DELETE FROM main.customer_base.customer_master;

INSERT INTO main.customer_base.customer_master VALUES
('11111111111','PF','Ana Martins','Ana','1988-03-12','F','CASADA','Gerente Comercial',12500.00,'Curitiba','PR','VAREJO_ALTA_RENDA','2018-06-15','APROVADO',true,'BAIXO'),
('22222222222','PF','Bruno Almeida','Bruno','1992-07-22','M','SOLTEIRO','Engenheiro de Software',8900.00,'São Paulo','SP','VAREJO_MEDIA_RENDA','2020-01-10','APROVADO',true,'BAIXO'),
('33333333333','PF','Carla Souza','Carla','1979-11-05','F','DIVORCIADA','Médica',21800.00,'Belo Horizonte','MG','PRIVATE','2016-09-01','APROVADO',true,'BAIXO'),
('44444444444','PF','Diego Lima','Diego','1985-04-18','M','CASADO','Empresário',15600.00,'Porto Alegre','RS','ALTA_RENDA','2017-02-20','APROVADO',false,'MEDIO'),
('55555555555','PF','Eduarda Rocha','Duda','1995-12-02','F','SOLTEIRA','Analista Financeira',6200.00,'Curitiba','PR','VAREJO_MEDIA_RENDA','2021-08-11','APROVADO',true,'BAIXO'),
('66666666666','PF','Felipe Santos','Felipe','1990-09-30','M','CASADO','Professor',4800.00,'Campinas','SP','VAREJO','2019-03-27','APROVADO',true,'MEDIO'),
('77777777777','PF','Gabriela Nunes','Gabi','1987-01-14','F','CASADA','Arquiteta',14300.00,'Rio de Janeiro','RJ','ALTA_RENDA','2015-05-09','APROVADO',true,'BAIXO'),
('88888888888','PF','Henrique Costa','Henrique','1983-06-08','M','CASADO','Advogado',9800.00,'Florianópolis','SC','VAREJO_MEDIA_RENDA','2018-10-03','APROVADO',false,'BAIXO'),
('99999999999','PF','Isabela Freitas','Isa','1998-02-17','F','SOLTEIRA','Designer',3500.00,'Recife','PE','MASSIFICADO','2023-04-19','APROVADO',true,'MEDIO'),
('10101010101','PF','João Pedro Ribeiro','João','1975-08-25','M','CASADO','Consultor',17200.00,'Brasília','DF','ALTA_RENDA','2014-12-12','APROVADO',true,'BAIXO'),
('11122233344','PJ','Mercado Bom Preço LTDA','Bom Preço',NULL,NULL,NULL,'Comércio Varejista',65000.00,'Curitiba','PR','EMPRESAS','2019-11-01','APROVADO',true,'MEDIO'),
('55566677788','PJ','Tech Prime Serviços LTDA','Tech Prime',NULL,NULL,NULL,'Serviços de Tecnologia',92000.00,'São Paulo','SP','EMPRESAS','2017-07-07','APROVADO',true,'BAIXO');

INSERT INTO main.customer_360.tb_contas VALUES
('ACC001','11111111111','CORRENTE','ATIVA','2018-06-15','0001','Marina Lopes','Essencial Plus',2500.00),
('ACC002','22222222222','CORRENTE','ATIVA','2020-01-10','0002','Carlos Viana','Digital+',1800.00),
('ACC003','33333333333','CORRENTE','ATIVA','2016-09-01','0003','Fernanda Dias','Private One',15000.00),
('ACC004','44444444444','CORRENTE','ATIVA','2017-02-20','0004','Ricardo Melo','Exclusive',8000.00),
('ACC005','55555555555','CORRENTE','ATIVA','2021-08-11','0001','Marina Lopes','Essencial',1200.00),
('ACC006','66666666666','CORRENTE','ATIVA','2019-03-27','0005','Paulo Azevedo','Essencial',700.00),
('ACC007','77777777777','CORRENTE','ATIVA','2015-05-09','0006','Luana Rocha','Exclusive',6000.00),
('ACC008','88888888888','CORRENTE','ATIVA','2018-10-03','0007','Bianca Prado','Digital+',2200.00),
('ACC009','99999999999','CORRENTE','ATIVA','2023-04-19','0008','Rafael Teixeira','Conta Jovem',300.00),
('ACC010','10101010101','CORRENTE','ATIVA','2014-12-12','0009','Sérgio Prado','Exclusive',9000.00),
('ACC011','11122233344','EMPRESARIAL','ATIVA','2019-11-01','0101','Patrícia Leal','Empresas Pro',25000.00),
('ACC012','55566677788','EMPRESARIAL','ATIVA','2017-07-07','0102','Daniel Pires','Empresas Pro',40000.00);

INSERT INTO main.customer_360.tb_saldos_conta VALUES
('ACC001','11111111111','2026-04-01',14200.00,12800.00,true,25500.00,18200.00),
('ACC002','22222222222','2026-04-01',7200.00,6900.00,true,15400.00,11300.00),
('ACC003','33333333333','2026-04-01',68400.00,65200.00,true,88500.00,42000.00),
('ACC004','44444444444','2026-04-01',30400.00,28100.00,false,46800.00,33900.00),
('ACC005','55555555555','2026-04-01',3800.00,4100.00,true,9300.00,7400.00),
('ACC006','66666666666','2026-04-01',1800.00,1600.00,false,6500.00,5900.00),
('ACC007','77777777777','2026-04-01',25700.00,24950.00,true,31000.00,22000.00),
('ACC008','88888888888','2026-04-01',9100.00,8600.00,true,17000.00,12100.00),
('ACC009','99999999999','2026-04-01',950.00,820.00,false,4200.00,3800.00),
('ACC010','10101010101','2026-04-01',44200.00,41800.00,true,58000.00,32700.00),
('ACC011','11122233344','2026-04-01',126000.00,118500.00,true,310000.00,284000.00),
('ACC012','55566677788','2026-04-01',183000.00,176200.00,true,455000.00,401000.00);

INSERT INTO main.customer_360.tb_cartoes VALUES
('CARD001','11111111111','Visa Infinite','VISA','ATIVO',38000.00,21000.00,15,true),
('CARD002','22222222222','Master Platinum','MASTERCARD','ATIVO',18000.00,9600.00,8,true),
('CARD003','33333333333','Black Signature','VISA','ATIVO',65000.00,28000.00,20,true),
('CARD004','44444444444','Black Empresarial','MASTERCARD','ATIVO',42000.00,19000.00,12,true),
('CARD005','55555555555','Gold','VISA','ATIVO',9000.00,4300.00,10,true),
('CARD006','66666666666','Internacional','VISA','ATIVO',4500.00,1400.00,5,true),
('CARD007','77777777777','Black Signature','VISA','ATIVO',52000.00,25000.00,18,true),
('CARD008','88888888888','Platinum','MASTERCARD','ATIVO',20000.00,11000.00,7,true),
('CARD009','99999999999','Universitário','VISA','ATIVO',2500.00,900.00,6,true),
('CARD010','10101010101','Infinite','VISA','ATIVO',47000.00,22000.00,22,true),
('CARD011','11122233344','Empresarial','VISA','ATIVO',85000.00,53000.00,25,true),
('CARD012','55566677788','Empresarial Black','MASTERCARD','ATIVO',120000.00,71000.00,25,true);

INSERT INTO main.customer_360.tb_gastos_cartao VALUES
('CARD001','11111111111','2026-04-01',7200.00,6800.00,0.4200,true,0.3100),
('CARD002','22222222222','2026-04-01',4100.00,3950.00,0.3700,false,0.2800),
('CARD003','33333333333','2026-04-01',15300.00,14900.00,0.2600,true,0.1800),
('CARD004','44444444444','2026-04-01',8700.00,9100.00,0.3100,true,0.2600),
('CARD005','55555555555','2026-04-01',2600.00,2450.00,0.4900,false,0.3300),
('CARD006','66666666666','2026-04-01',1800.00,1750.00,0.2200,false,0.3900),
('CARD007','77777777777','2026-04-01',9800.00,9600.00,0.3500,true,0.2100),
('CARD008','88888888888','2026-04-01',4300.00,4500.00,0.3000,false,0.2700),
('CARD009','99999999999','2026-04-01',900.00,840.00,0.5200,false,0.4100),
('CARD010','10101010101','2026-04-01',10400.00,10100.00,0.2800,true,0.1900),
('CARD011','11122233344','2026-04-01',18200.00,17500.00,0.2200,true,0.2500),
('CARD012','55566677788','2026-04-01',24500.00,23800.00,0.2400,true,0.2100);

INSERT INTO main.customer_360.tb_investimentos VALUES
('INV001','11111111111',true,'MODERADO',185000.00,98000.00,62000.00,25000.00,'2026-03-20'),
('INV002','22222222222',true,'MODERADO',42000.00,25000.00,12000.00,5000.00,'2026-02-14'),
('INV003','33333333333',true,'ARROJADO',720000.00,185000.00,410000.00,125000.00,'2026-04-10'),
('INV004','44444444444',true,'MODERADO',210000.00,140000.00,45000.00,25000.00,'2026-03-01'),
('INV005','55555555555',false,'CONSERVADOR',0.00,0.00,0.00,0.00,NULL),
('INV006','66666666666',false,'CONSERVADOR',0.00,0.00,0.00,0.00,NULL),
('INV007','77777777777',true,'MODERADO',265000.00,143000.00,87000.00,35000.00,'2026-03-26'),
('INV008','88888888888',true,'CONSERVADOR',68000.00,51000.00,9000.00,8000.00,'2026-01-29'),
('INV009','99999999999',false,'CONSERVADOR',0.00,0.00,0.00,0.00,NULL),
('INV010','10101010101',true,'ARROJADO',395000.00,160000.00,180000.00,55000.00,'2026-04-05'),
('INV011','11122233344',true,'MODERADO',980000.00,630000.00,250000.00,100000.00,'2026-04-02'),
('INV012','55566677788',true,'ARROJADO',1250000.00,350000.00,780000.00,120000.00,'2026-04-11');

INSERT INTO main.customer_360.tb_elegibilidade_ofertas VALUES
('11111111111','CARTAO_BLACK','ELEGIVEL',true,35000.00,920,'ALTA','2026-04-01'),
('11111111111','CREDITO_PESSOAL','ELEGIVEL',true,90000.00,900,'ALTA','2026-04-01'),
('22222222222','CARTAO_PLATINUM','ELEGIVEL',true,18000.00,810,'MEDIA','2026-04-01'),
('22222222222','CREDITO_PESSOAL','ELEGIVEL',true,42000.00,790,'MEDIA','2026-04-01'),
('33333333333','CARTAO_BLACK','ELEGIVEL',true,80000.00,980,'ALTA','2026-04-01'),
('33333333333','INVESTIMENTO_PREMIUM','ELEGIVEL',true,0.00,970,'ALTA','2026-04-01'),
('44444444444','CREDITO_GARANTIDO','ELEGIVEL',true,150000.00,860,'ALTA','2026-04-01'),
('55555555555','CARTAO_GOLD','ELEGIVEL',true,9000.00,720,'MEDIA','2026-04-01'),
('55555555555','CREDITO_PESSOAL','ANALISE',false,15000.00,650,'BAIXA','2026-04-01'),
('66666666666','CREDITO_CONSIGNADO','ANALISE',false,12000.00,590,'BAIXA','2026-04-01'),
('77777777777','CARTAO_BLACK','ELEGIVEL',true,45000.00,930,'ALTA','2026-04-01'),
('77777777777','SEGURO_RESIDENCIAL','ELEGIVEL',true,0.00,880,'MEDIA','2026-04-01'),
('88888888888','CREDITO_PESSOAL','ELEGIVEL',true,38000.00,780,'MEDIA','2026-04-01'),
('99999999999','CARTAO_INTERNACIONAL','ELEGIVEL',true,3000.00,610,'BAIXA','2026-04-01'),
('10101010101','CARTAO_BLACK','ELEGIVEL',true,50000.00,940,'ALTA','2026-04-01'),
('10101010101','INVESTIMENTO_PREMIUM','ELEGIVEL',true,0.00,930,'ALTA','2026-04-01'),
('11122233344','CAPITAL_GIRO','ELEGIVEL',true,250000.00,870,'ALTA','2026-04-01'),
('55566677788','CAPITAL_GIRO','ELEGIVEL',true,450000.00,910,'ALTA','2026-04-01');

INSERT INTO main.customer_360.tb_credito_perfil VALUES
('11111111111',865,890,0.2200,0,12500.00,0.8600,'BAIXO',false),
('22222222222',785,810,0.2700,0,8900.00,0.7400,'BAIXO',false),
('33333333333',945,970,0.1200,0,21800.00,0.9200,'BAIXO',false),
('44444444444',830,850,0.2900,2,15600.00,0.8100,'MEDIO',false),
('55555555555',690,710,0.3400,5,6200.00,0.5800,'MEDIO',false),
('66666666666',610,605,0.3900,18,4800.00,0.4200,'ALTO',true),
('77777777777',880,900,0.2100,0,14300.00,0.8800,'BAIXO',false),
('88888888888',760,770,0.2500,0,9800.00,0.6900,'BAIXO',false),
('99999999999',605,620,0.3100,8,3500.00,0.4000,'MEDIO',false),
('10101010101',900,930,0.1800,0,17200.00,0.9000,'BAIXO',false),
('11122233344',825,840,0.3300,0,65000.00,0.8300,'MEDIO',false),
('55566677788',910,925,0.2400,0,92000.00,0.9100,'BAIXO',false);

INSERT INTO main.customer_360.tb_emprestimos VALUES
('LOAN001','11111111111','CREDITO_PESSOAL','ATIVO',1850.00,28000.00,'2026-04-28',0,false),
('LOAN002','22222222222','FINANCIAMENTO_AUTO','ATIVO',1250.00,22000.00,'2026-04-25',0,true),
('LOAN003','33333333333','HOME_EQUITY','ATIVO',4200.00,180000.00,'2026-04-30',0,true),
('LOAN004','44444444444','CAPITAL_GIRO_PJ','ATIVO',6100.00,96000.00,'2026-05-05',2,true),
('LOAN005','55555555555','CREDITO_PESSOAL','ATIVO',690.00,9500.00,'2026-04-22',5,false),
('LOAN006','66666666666','CREDITO_CONSIGNADO','ATIVO',520.00,6400.00,'2026-04-23',18,false),
('LOAN007','77777777777','FINANCIAMENTO_IMOB','ATIVO',3100.00,245000.00,'2026-05-02',0,true),
('LOAN008','88888888888','CREDITO_PESSOAL','LIQUIDADO',0.00,0.00,NULL,0,false),
('LOAN009','99999999999','CREDITO_ESTUDANTIL','ATIVO',280.00,3500.00,'2026-04-21',8,false),
('LOAN010','10101010101','CREDITO_PESSOAL','ATIVO',2400.00,42000.00,'2026-04-27',0,false),
('LOAN011','11122233344','CAPITAL_GIRO_PJ','ATIVO',9200.00,210000.00,'2026-05-04',0,true),
('LOAN012','55566677788','CAPITAL_GIRO_PJ','ATIVO',13800.00,380000.00,'2026-05-08',0,true);

INSERT INTO main.customer_360.tb_canais_digitais VALUES
('11111111111',true,true,true,'2026-04-18',24,true,true,'ALTA'),
('22222222222',true,true,true,'2026-04-19',19,true,true,'ALTA'),
('33333333333',true,true,true,'2026-04-20',28,true,false,'ALTA'),
('44444444444',true,true,true,'2026-04-17',16,false,true,'MEDIA'),
('55555555555',true,true,true,'2026-04-16',13,true,true,'MEDIA'),
('66666666666',true,false,true,'2026-04-10',7,true,false,'BAIXA'),
('77777777777',true,true,true,'2026-04-19',21,true,true,'ALTA'),
('88888888888',true,true,true,'2026-04-18',14,false,true,'MEDIA'),
('99999999999',true,false,true,'2026-04-14',9,true,true,'MEDIA'),
('10101010101',true,true,true,'2026-04-20',26,true,true,'ALTA'),
('11122233344',true,true,true,'2026-04-20',31,true,true,'ALTA'),
('55566677788',true,true,true,'2026-04-20',34,true,true,'ALTA');

INSERT INTO main.customer_360.tb_seguro_produtos VALUES
('POL001','11111111111','SEGURO_VIDA','ATIVO',89.90,'PREMIUM','2027-01-10'),
('POL002','22222222222','SEGURO_CARTAO','ATIVO',24.90,'BASICO','2026-09-15'),
('POL003','33333333333','SEGURO_VIDA','ATIVO',210.00,'PREMIUM','2026-12-01'),
('POL004','44444444444','SEGURO_EMPRESARIAL','ATIVO',420.00,'PLUS','2026-11-11'),
('POL005','55555555555','SEGURO_CELULAR','ATIVO',18.90,'BASICO','2026-08-08'),
('POL006','66666666666','SEGURO_RESIDENCIAL','INATIVO',0.00,'BASICO','2025-12-31'),
('POL007','77777777777','SEGURO_RESIDENCIAL','ATIVO',76.00,'PLUS','2026-10-20'),
('POL008','88888888888','SEGURO_AUTO','ATIVO',165.00,'PLUS','2026-09-30'),
('POL009','99999999999','SEGURO_CARTAO','ATIVO',12.90,'BASICO','2026-07-01'),
('POL010','10101010101','SEGURO_VIAGEM','ATIVO',34.90,'PLUS','2026-12-20'),
('POL011','11122233344','SEGURO_EMPRESARIAL','ATIVO',980.00,'PREMIUM','2026-11-05'),
('POL012','55566677788','SEGURO_CIBER','ATIVO',1240.00,'PREMIUM','2026-11-18');
